label	Location	Year	rpoB_mutation	Mtb_Lineage
MTB_1	Kenya	2015	L452P	L3
MTB_2	Vietnam	2011	D435V	L5
MTB_3	India	2012	S450L	L5
MTB_4	Vietnam	2022	H445D	L2
MTB_5	Kenya	2020	D516V	L2
MTB_6	Kenya	2011	L533P	L5
MTB_7	Kenya	2012	H445Y	L4
MTB_8	Vietnam	2019	L533P	L3
MTB_9	Tanzania	2015	H445D	L2
MTB_10	South Africa	2019	H526D	L4
MTB_11	Bangladesh	2023	S450L	L5
MTB_12	Bangladesh	2018	S450L	L3
MTB_13	China	2012	S450W	L4
MTB_14	India	2017	D516V	L5
MTB_15	India	2012	D435V	L2
MTB_16	Bangladesh	2015	H445D	L2
MTB_17	Kenya	2015	S450W	L2
MTB_18	China	2012	H445D	L1
MTB_19	Bangladesh	2019	H445Y	L5
MTB_20	Uganda	2020	H445D	L5
MTB_21	Tanzania	2023	D435V	L1
MTB_22	Kenya	2017	S450L	L5
MTB_23	India	2011	H526D	L1
MTB_24	Tanzania	2010	S450L	L4
MTB_25	Vietnam	2020	S450L	L1
MTB_26	Pakistan	2018	H526D	L1
MTB_27	China	2017	D516V	L3
MTB_28	Tanzania	2012	H526Y	L5
MTB_29	South Africa	2021	S450W	L5
MTB_30	China	2017	D435V	L2
MTB_31	Pakistan	2013	H445Y	L1
MTB_32	Nigeria	2010	H526Y	L2
MTB_33	China	2013	H445D	L5
MTB_34	Nigeria	2016	S450W	L4
MTB_35	Tanzania	2020	H445Y	L1
MTB_36	Pakistan	2022	S450W	L2
MTB_37	Pakistan	2014	S450W	L3
MTB_38	Uganda	2015	H445D	L4
MTB_39	Pakistan	2012	H526D	L5
MTB_40	Pakistan	2013	L533P	L2
MTB_41	China	2023	H526D	L5
MTB_42	Kenya	2015	D516V	L3
MTB_43	Vietnam	2021	L452P	L2
MTB_44	India	2015	D516V	L3
MTB_45	Kenya	2012	L533P	L3
MTB_46	South Africa	2023	H445D	L5
MTB_47	Kenya	2020	S450L	L2
MTB_48	Bangladesh	2016	H445Y	L1
MTB_49	Uganda	2023	S450L	L5
MTB_50	Tanzania	2014	H526D	L1